{
  "info": {
    "name": "SignMap Starter - Contribution & Payment",
    "schema": "https://schema.getpostman.com/json/collection/v2.1.0/collection.json"
  },
  "item": [
    {
      "name": "Contribution - List",
      "request": {
        "method": "GET",
        "header": [],
        "url": "{{baseUrl}}/api/contributions"
      }
    },
    {
      "name": "Contribution - Create",
      "request": {
        "method": "POST",
        "header": [
          {
            "key": "Content-Type",
            "value": "application/json"
          }
        ],
        "body": {
          "mode": "raw",
          "raw": "{\n  \"userId\": \"00000000-0000-0000-0000-000000000001\",\n  \"type\": \"new\",\n  \"lat\": 10.762622,\n  \"lng\": 106.660172,\n  \"description\": \"Bi\\u1ec3n b\\u00e1o thi\\u1ebfu t\\u1ea1i ng\\u00e3 t\\u01b0\",\n  \"images\": [\n    \"https://example.com/image1.jpg\"\n  ]\n}"
        },
        "url": "{{baseUrl}}/api/contributions"
      }
    },
    {
      "name": "Payments - Create (internal)",
      "request": {
        "method": "POST",
        "header": [
          {
            "key": "Content-Type",
            "value": "application/json"
          }
        ],
        "body": {
          "mode": "raw",
          "raw": "{\n  \"userId\": \"00000000-0000-0000-0000-000000000002\",\n  \"amountCents\": 1000,\n  \"currency\": \"USD\",\n  \"provider\": \"stripe\",\n  \"providerTxId\": \"ch_1Example\",\n  \"status\": \"completed\"\n}"
        },
        "url": "{{baseUrl}}/api/payments"
      }
    }
  ]
}